[
  {
    "uid": "sl_127",
    "summary": "Duruthu Full Moon Poya Day",
    "categories": [
      "Public",
      "Bank",
      "Poya"
    ],
    "start": "2026-01-03",
    "end": "2026-01-04"
  },
  {
    "uid": "sl_128",
    "summary": "Tamil Thai Pongal Day",
    "categories": [
      "Public",
      "Bank",
      "Mercantile"
    ],
    "start": "2026-01-15",
    "end": "2026-01-16"
  },
  {
    "uid": "sl_129",
    "summary": "Nawam Full Moon Poya Day",
    "categories": [
      "Public",
      "Bank",
      "Poya"
    ],
    "start": "2026-02-01",
    "end": "2026-02-02"
  },
  {
    "uid": "sl_130",
    "summary": "Independence Day",
    "categories": [
      "Public",
      "Bank",
      "Mercantile"
    ],
    "start": "2026-02-04",
    "end": "2026-02-05"
  },
  {
    "uid": "sl_131",
    "summary": "Maha Sivarathri Day",
    "categories": [
      "Public",
      "Bank"
    ],
    "start": "2026-02-15",
    "end": "2026-02-16"
  },
  {
    "uid": "sl_132",
    "summary": "Madin Full Moon Poya Day",
    "categories": [
      "Public",
      "Bank",
      "Poya"
    ],
    "start": "2026-03-02",
    "end": "2026-03-03"
  },
  {
    "uid": "sl_133",
    "summary": "Id-Ul-Fitr (Ramazan Festival Day)",
    "categories": [
      "Public",
      "Bank"
    ],
    "start": "2026-03-21",
    "end": "2026-03-22"
  },
  {
    "uid": "sl_134",
    "summary": "Bak Full Moon Poya Day",
    "categories": [
      "Public",
      "Bank",
      "Poya"
    ],
    "start": "2026-04-01",
    "end": "2026-04-02"
  },
  {
    "uid": "sl_135",
    "summary": "Good Friday",
    "categories": [
      "Public",
      "Bank"
    ],
    "start": "2026-04-03",
    "end": "2026-04-04"
  },
  {
    "uid": "sl_136",
    "summary": "Day prior to Sinhala & Tamil New Year Day",
    "categories": [
      "Public",
      "Bank",
      "Mercantile"
    ],
    "start": "2026-04-13",
    "end": "2026-04-14"
  },
  {
    "uid": "sl_137",
    "summary": "Sinhala & Tamil New Year Day",
    "categories": [
      "Public",
      "Bank",
      "Mercantile"
    ],
    "start": "2026-04-14",
    "end": "2026-04-15"
  },
  {
    "uid": "sl_138",
    "summary": "May Day (International Workers\u2019 Day)",
    "categories": [
      "Public",
      "Bank",
      "Mercantile"
    ],
    "start": "2026-05-01",
    "end": "2026-05-02"
  },
  {
    "uid": "sl_139",
    "summary": "Vesak Full Moon Poya Day",
    "categories": [
      "Public",
      "Bank",
      "Poya"
    ],
    "start": "2026-05-01",
    "end": "2026-05-02"
  },
  {
    "uid": "sl_140",
    "summary": "Day following Vesak Full Moon Poya Day",
    "categories": [
      "Public",
      "Bank",
      "Mercantile",
      "Poya"
    ],
    "start": "2026-05-02",
    "end": "2026-05-03"
  },
  {
    "uid": "sl_141",
    "summary": "Id-Ul-Alha (Hadji Festival Day)",
    "categories": [
      "Public",
      "Bank"
    ],
    "start": "2026-05-28",
    "end": "2026-05-29"
  },
  {
    "uid": "sl_142",
    "summary": "Adhi Poson Full Moon Poya Day",
    "categories": [
      "Public",
      "Bank",
      "Poya"
    ],
    "start": "2026-05-30",
    "end": "2026-05-31"
  },
  {
    "uid": "sl_143",
    "summary": "Poson Full Moon Poya Day",
    "categories": [
      "Public",
      "Bank",
      "Poya"
    ],
    "start": "2026-06-29",
    "end": "2026-06-30"
  },
  {
    "uid": "sl_144",
    "summary": "Esala Full Moon Poya Day",
    "categories": [
      "Public",
      "Bank",
      "Poya"
    ],
    "start": "2026-07-29",
    "end": "2026-07-30"
  },
  {
    "uid": "sl_145",
    "summary": "Milad-Un-Nabi (Holy Prophet\u2019s Birthday)",
    "categories": [
      "Public",
      "Bank",
      "Mercantile"
    ],
    "start": "2026-08-26",
    "end": "2026-08-27"
  },
  {
    "uid": "sl_146",
    "summary": "Nikini Full Moon Poya Day",
    "categories": [
      "Public",
      "Bank",
      "Poya"
    ],
    "start": "2026-08-27",
    "end": "2026-08-28"
  },
  {
    "uid": "sl_147",
    "summary": "Binara Full Moon Poya Day",
    "categories": [
      "Public",
      "Bank",
      "Poya"
    ],
    "start": "2026-09-26",
    "end": "2026-09-27"
  },
  {
    "uid": "sl_148",
    "summary": "Vap Full Moon Poya Day",
    "categories": [
      "Public",
      "Bank",
      "Poya"
    ],
    "start": "2026-10-25",
    "end": "2026-10-26"
  },
  {
    "uid": "sl_149",
    "summary": "Deepavali Festival Day",
    "categories": [
      "Public",
      "Bank"
    ],
    "start": "2026-11-08",
    "end": "2026-11-09"
  },
  {
    "uid": "sl_150",
    "summary": "Il Full Moon Poya Day",
    "categories": [
      "Public",
      "Bank",
      "Poya"
    ],
    "start": "2026-11-24",
    "end": "2026-11-25"
  },
  {
    "uid": "sl_151",
    "summary": "Unduvap Full Moon Poya Day",
    "categories": [
      "Public",
      "Bank",
      "Poya"
    ],
    "start": "2026-12-23",
    "end": "2026-12-24"
  },
  {
    "uid": "sl_152",
    "summary": "Christmas Day",
    "categories": [
      "Public",
      "Bank",
      "Mercantile"
    ],
    "start": "2026-12-25",
    "end": "2026-12-26"
  }
]